text,label
"FLUX.2 Klein running natively on Mac (MLX), free + open source — and why your SDXL prompt habits won't work here",workflow_resource
I built a small native macOS app that runs FLUX.2 Klein image generation fully on-device on Apple Silicon.,workflow_resource
"No Python, no ComfyUI graph, no local server, no cloud. Type a sentence, press Generate, get an image.",workflow_resource
"Free, MIT, source plus a downloadable build are available for the Typhoonminigen app.",workflow_resource
Getting good output from Klein took a while because SDXL and Forge prompt habits were actively wrong.,workflow_resource
Klein is not SDXL. Your prompt habits will fight you.,workflow_resource
"The text encoder is Qwen3, so it reads prompts as language instead of booru-style tags.",workflow_resource
Comma-tag prompts do almost nothing; natural-language phrasing works better for Klein.,workflow_resource
"Weight syntax is silently ignored by Klein, so red dress weighting does not work as expected.",workflow_resource
Klein has no negative prompt; you can only guide the model toward something.,workflow_resource
"Subject first, then style, then scene, with lighting and camera last.",workflow_resource
"Lighting is the strongest knob I found, far more than resolution or ultra-detailed filler.",workflow_resource
"Klein is distilled to four fixed steps, so prompt wording is basically the main quality knob.",workflow_resource
"The app includes a chip and preset library with lighting, lens, framing, color, and environment fragments.",workflow_resource
A recipe library with editable subject slots helps when prompt vocabulary is the whole game.,workflow_resource
The post lists what the app cannot do so users know its limits before downloading.,workflow_resource
"No ControlNet, no inpaint or outpaint, no masks, no depth maps, no sampler choice.",workflow_resource
Every saved image carries its prompt and seed so it can be restored or remixed later.,workflow_resource
"Render queue, gallery zoom, memory telemetry, panel hiding, and first-launch tutorial are included.",workflow_resource
Testing LCM on a GTX 750 Ti 4GB: Surprisingly Usable for Low-VRAM AI Image Generation,workflow_resource
LCM is useful for low-VRAM GPUs that need faster Stable Diffusion generation.,workflow_resource
LCM-baked models only need an LCM sampler; standard models require an LCM LoRA and compatible sampler.,workflow_resource
"On aging hardware, first model load in ComfyUI was about thirty seconds.",workflow_resource
Subsequent LCM generations were around twelve to fifteen seconds on the test machine.,workflow_resource
Eight-step generation took about twenty-three seconds in the low-VRAM test.,workflow_resource
"LCM is a good option for quick previews, concept art, and experimentation.",workflow_resource
"ComfyUI continues supporting older CUDA-compatible GPUs including GTX 750, 900-series, and many 10-series cards.",workflow_resource
Ideogrammar — Ideogram 4 Prompt Editor,workflow_resource
I made a visual Ideogram 4 prompt editor with JSON generation by LLM and vision.,workflow_resource
The prompt editor can work as a standalone JSON generator or connect to a ComfyUI endpoint.,workflow_resource
"To use it, pull the repo, set endpoints, and start generating.",workflow_resource
Ideogram 4 low VRAM hack uses Ostris's Differential LoRA for lower VRAM usage.,workflow_resource
My models folder: 1.5 TB -> 650 GB by hardlinking duplicate VAEs and text encoders,workflow_resource
FLUX.2 Klein pipeline for real-time webcam stream processing in 30 FPS,workflow_resource
Photanima v2.1 showcase. Each image takes about two seconds to generate.,workflow_resource
Ideogram 4 Turbo LoRA Released from Ostris with a link to the Hugging Face repo,workflow_resource
This LoRA turns Ideogram 4 into a few-step model capable of good quality in as little as two steps.,workflow_resource
"Anima can edit images, and this is possible in two different methods.",workflow_resource
Split screen and Anima-lllite-inpainting can work like an SDXL consistency workflow.,workflow_resource
Apply Cosmos Reference Latent plus Edit LoRA is another method for image editing.,workflow_resource
Creating a workflow to clone any fashion video with your own products built on seedance 2.0,workflow_resource
Realistic selfie prompts for Z-Image Turbo/Base,workflow_resource
ComfyUI_SamplingUtils plus Klein_9B for quick style change,workflow_resource
"Workflow: Ideogram4 with LoRA support, fixes",workflow_resource
Ideogram 4.0 Examples with prompt assist,workflow_resource
Ideogram 4.0 feels good with Workflow Included,workflow_resource
"Multiple characters Anima generations are so good, and the post includes workflow information.",workflow_resource
I took a workflow from RuneXX LTX-2.3 Custom-Audio and tweaked it for my hardware.,workflow_resource
"The LTX 2.3 workflow includes first-frame, middle-frame, and last-frame inputs.",workflow_resource
"I tweaked the LTX workflow to accept five keyframes, and it works well for longer videos.",workflow_resource
What models and workflows can generate an image in 5s?,technical_help
I'm looking for local models and workflows that can generate images in under five seconds on average CPU.,technical_help
Can you think of a local model that works on GPU with Vulkan?,technical_help
Even 128x256 generations would do as long as prompt adherence is good.,technical_help
Bernini R2V/V2V face problem,technical_help
I can't transfer movement from a video to a person in a photo; the face looks completely different.,technical_help
"I tried using LoRA on a person's face, but it was unsuccessful.",technical_help
Are you able to transfer movement without the face changing?,technical_help
How many steps per image should I use when training a Z-Image character LoRA?,technical_help
I have a forty-seven-image dataset training for five thousand steps currently.,technical_help
How many steps per image is the norm for Z-Image character LoRAs?,technical_help
Beginner need help and guidance,technical_help
I have worked with LLMs but have never gotten into video or image creation.,technical_help
Any guide or advice on how to start creating images and videos would be awesome.,technical_help
What is the best stable versus new software for image and video generation?,technical_help
Help needed to make similar AI Images,technical_help
Looking for an AnimaDex-like project or dataset for characters across franchises,technical_help
"I want a searchable self-hosted character database with metadata, tags, images, and franchise information.",technical_help
"Has anyone seen a project, dataset, API, or self-hosted tool that does this well?",technical_help
How much do ChatGPT and Gemini really help with LLM prompt writing?,technical_help
I feel like I am going in circles asking ChatGPT and Gemini to fix my prompt in Z-Image.,technical_help
"Are the AI explanations based on solid understanding or just garbage-in, garbage-out?",technical_help
How are creators making dolls lip-sync videos longer than fifteen seconds?,technical_help
I am trying to figure out the technical workflow behind longer AI lip-sync videos.,technical_help
Is there a ComfyUI pipeline that allows longer motion control without melting prompt coherence?,technical_help
Looking for workflow or tool advice for videos longer than fifteen seconds.,technical_help
[bug] Forge neo unable recognize SDXL or any Illustrious base model,technical_help
LoRA resolution weirdness,technical_help
We need a good small open-source LLM that transforms natural language to JSON,technical_help
Why is the image quality so bad from this workflow?,technical_help
What's your current AI image generation setup?,technical_help
New to image generation: how do I use img2img models to alter pictures with good character adherence?,technical_help
What AI model could this be? Never seen something this real before.,technical_help
Image-to-image gen AI that runs locally on Android,technical_help
Is there a way to describe a character within the image using AI?,technical_help
What is the best open sourced image model?,technical_help
Has anyone else felt like local image generation models are kind of stuck?,technical_help
Best text-to-image model?,technical_help
Looking for the strongest image-to-3D model,technical_help
I can't understand the purpose of this node.,technical_help
How to install Stable Diffusion 1.5 step by step?,technical_help
ComfyUI keeps failing when a checkpoint loads; is this VRAM or a missing custom node?,technical_help
Can I generate usable images on an older low-VRAM GPU?,technical_help
Which SDXL turbo models have good prompt adherence at low resolution?,technical_help
What settings should I use for Anima Base plus Turbo LoRA?,technical_help
Can Z-Image Turbo run fast enough on AMD Vulkan iGPU?,technical_help
How can I make longer videos without visible cuts or abrupt transitions?,technical_help
Can LivePortrait be used for longer lip-sync clips?,technical_help
How do I keep the same character across multiple generated images?,technical_help
What should I use if I need local offline image generation on Apple Silicon?,technical_help
Boogu first impressions,model_news_discussion
Ideogram X Comfy: Founders Live,model_news_discussion
Ideogram 4 Turbo LoRA Released from Ostris,model_news_discussion
Ostris releases 2-8 step Ideogram 4 Turbo LoRA,model_news_discussion
New LTX trainer,model_news_discussion
New Edit model Boogu Image Edit,model_news_discussion
"Big update to the LTX Trainer: One framework, many conditioning modes",model_news_discussion
GROHN,model_news_discussion
"Tencent released Z-Image 6B with pixel space generation, no VAE, and 1K resolution.",model_news_discussion
Nvidia solved VAE? Fast and high-resolution latent decoding with pixel diffusion.,model_news_discussion
Krea 2 will be open source.,model_news_discussion
ComfyUI support for ByteDance Lance-3B with dynamic VRAM for low-VRAM GPUs.,model_news_discussion
Total Commander plugin for HuggingFace as a virtual file system.,model_news_discussion
Old Man Yells at Node,model_news_discussion
There are a lot of new custom nodes appearing lately.,model_news_discussion
Non-developers are exploring what vibe coding lets them accomplish.,model_news_discussion
People who couldn't write a line of code are shipping functional tools.,model_news_discussion
"Some new tools are not designed for maintainability, brittleness, or composability.",model_news_discussion
"A workflow should let you put your hands into it, not just turn knobs on a sealed box.",model_news_discussion
Sharing a vibe-coded node can be beside the point if every user can make their own.,model_news_discussion
Missing ComfyUI nodes make downloaded workflows harder to use.,model_news_discussion
Every custom pack seems to need its own upscale image node.,model_news_discussion
"Comfy has added new default nodes, reducing reliance on some math node packs.",model_news_discussion
People made their own node packs because Comfy was missing common functions.,model_news_discussion
Some old custom nodes should be retired because they create clutter.,model_news_discussion
Math Expression is a newer Comfy node that can replace some older math nodes.,model_news_discussion
Sometimes a workflow is built before discovering an official version already exists.,model_news_discussion
Prior art is like a leaderboard to measure an implementation against.,model_news_discussion
Experienced developers may not always focus on maintainability in open-source AI projects.,model_news_discussion
Vibe-coded nodes can be quick fixes rather than long-term maintained packages.,model_news_discussion
Hosting sites can turn into dumping pits for low-quality workflows.,model_news_discussion
Long-developed nodes can still break when Comfy changes.,model_news_discussion
A sealed-box node defeats the modular design point of ComfyUI.,model_news_discussion
Subgraphs and hidden connections can make templates harder to understand.,model_news_discussion
Good old spaghetti connections can be easier to grasp than collapsed subgraphs.,model_news_discussion
Vibe-coded nodes are less concerning if they do not inject dependencies or call external endpoints.,model_news_discussion
"Local coding models failed to write a working AMD VRAM node, while Claude came closer.",model_news_discussion
Even a poorly vibe-coded node or app is still a concrete specification.,model_news_discussion
"The bigger the number of new tools, the harder it gets to separate signal from noise.",model_news_discussion
"Most people may eventually stop sharing trivial image browsers, prompt organizers, and workflow-in-a-node tools.",model_news_discussion
Collaborative vibe coding could work if someone owns the documentation.,model_news_discussion
Community sharing still transfers ideas even when users can make their own tools.,model_news_discussion
Whether a tool works and whether it is safe to install matter more than who wrote it.,model_news_discussion
"Ideogram 4 is a great model, but the license is very restrictive.",model_news_discussion
Restricting outputs to personal use only blocks proper local usage.,model_news_discussion
Ideogram 4's understanding of characters and IP is crazy for an open model.,model_news_discussion
Someone posted a real Monet to Twitter but said it was AI generated.,model_news_discussion
Replies to the Monet post were confidently wrong about whether it was AI.,model_news_discussion
Ideogram 4 is not overhyped; it may be underrated.,model_news_discussion
People are asking for open models that compete with closed ones.,model_news_discussion
About the newest model...,showcase_reaction
Ideogram 4 can produce great stuff sometimes.,showcase_reaction
Ideogram 4.0 feels good.,showcase_reaction
Ideogram 4 on comfyui,showcase_reaction
Random pics I've made with Anima.,showcase_reaction
Ideogram 4.0 Examples with prompt assist,showcase_reaction
"First try with IDEOGRAM 4, has potential but nowhere close to NB.",showcase_reaction
Anima with dark style anime LoRA is pretty good.,showcase_reaction
Multiple characters Anima generations are so good.,showcase_reaction
IDG4 is perfect for moodboard.,showcase_reaction
CRT screen game on Ideogram4 on CivitAI,showcase_reaction
I did not expect this quality from local so soon.,showcase_reaction
It is still nuts to me how realistic AI is getting.,showcase_reaction
Incredible I can run it on an RTX2060 and get these results.,showcase_reaction
I think I'm finally feeling Ideogram 4.,showcase_reaction
OK Ideogram 4.0 is pretty fun actually.,showcase_reaction
"Ideogram 4 isn't overhyped, it's underrated.",showcase_reaction
Could not resist...,showcase_reaction
Who of you was this,showcase_reaction
trying more serious TNG content with LTX2.3,showcase_reaction
I took a GPU in Ibiza.,showcase_reaction
Easy & Unlikely - Silly Audioreactive Experiment No. 1,showcase_reaction
Brad Pitt casts Elliot for Achilles - an AI acting performance experiment,showcase_reaction
Photanima v2.1 showcase.,showcase_reaction
Boogu first impressions,showcase_reaction
Anima-Base is magic and I don't think people realize how good it is.,showcase_reaction
AI character and artist search engine with forty-nine thousand sample images.,showcase_reaction
GROHN,showcase_reaction
Node Invaders,showcase_reaction
"Heh, noice.",showcase_reaction
"Interesting, thanks!",showcase_reaction
Thanks for the tip!,showcase_reaction
You definitely got a point there.,showcase_reaction
I like how it's overall quite a balanced take.,showcase_reaction
What are you even talking about?,showcase_reaction
Maybe ask an LLM to explain it like you are five.,showcase_reaction
This is all captain obvious karma farming post.,showcase_reaction
I believe you.,showcase_reaction
Legitimately a neat idea haha. I'd use it.,showcase_reaction
"Probably, but now it's time to retire some of these nodes.",showcase_reaction
Sometimes I clap a workflow together and then find out there's an official version.,showcase_reaction
I'm just in a limbo.,showcase_reaction
Well at least I can generate images until my money runs out.,showcase_reaction
Old man yells at cloud.,showcase_reaction
This model is crazy for an open model.,showcase_reaction
The quality is wild for something running locally.,showcase_reaction
This is impressive but still has bleeding.,showcase_reaction
Not cherry picked.,showcase_reaction
This one has a vibe.,showcase_reaction
Local models are getting scary good.,showcase_reaction
